{"right_hip_right_knee_right_ankle": 163.66700090481078, "left_hip_left_knee_left_ankle": 165.84106337726004, "right_knee_right_hip_right_shoulder": 109.31185656435265, "left_knee_left_hip_left_shoulder": 164.42317305002265, "right_hip_right_shoulder_right_elbow": 155.78092972682356, "left_hip_left_shoulder_left_elbow": 136.37425060589024, "right_shoulder_right_elbow_right_wrist": 176.31139506956066, "left_shoulder_left_elbow_left_wrist": 179.02183562033537}