{"right_hip_right_knee_right_ankle": 114.8326986831958, "left_hip_left_knee_left_ankle": 116.59334914919609, "right_knee_right_hip_right_shoulder": 100.34898087445153, "left_knee_left_hip_left_shoulder": 101.91423721006468, "right_hip_right_shoulder_right_elbow": 163.43969438516714, "left_hip_left_shoulder_left_elbow": 165.43235435034882, "right_shoulder_right_elbow_right_wrist": 167.3188552744455, "left_shoulder_left_elbow_left_wrist": 168.40712770488568}