{"right_hip_right_knee_right_ankle": 167.28636783672698, "left_hip_left_knee_left_ankle": 168.146995832256, "right_knee_right_hip_right_shoulder": 121.148580986195, "left_knee_left_hip_left_shoulder": 119.02890778349075, "right_hip_right_shoulder_right_elbow": 19.431296719426953, "left_hip_left_shoulder_left_elbow": 18.657360786633816, "right_shoulder_right_elbow_right_wrist": 155.912753890314, "left_shoulder_left_elbow_left_wrist": 159.06530969154343}