{"right_hip_right_knee_right_ankle": 175.47644365424046, "left_hip_left_knee_left_ankle": 178.0277358881745, "right_knee_right_hip_right_shoulder": 75.3786617433573, "left_knee_left_hip_left_shoulder": 75.52774060045532, "right_hip_right_shoulder_right_elbow": 154.78095554700687, "left_hip_left_shoulder_left_elbow": 158.19293613889965, "right_shoulder_right_elbow_right_wrist": 145.56627563761054, "left_shoulder_left_elbow_left_wrist": 151.22423104216344}