{"right_hip_right_knee_right_ankle": 173.74329151734284, "left_hip_left_knee_left_ankle": 29.694201130350134, "right_knee_right_hip_right_shoulder": 179.8721337942167, "left_knee_left_hip_left_shoulder": 116.16944318761996, "right_hip_right_shoulder_right_elbow": 24.569462400306463, "left_hip_left_shoulder_left_elbow": 21.24259620450775, "right_shoulder_right_elbow_right_wrist": 48.35206594481974, "left_shoulder_left_elbow_left_wrist": 38.254843682288104}