{"right_hip_right_knee_right_ankle": 157.43061506273932, "left_hip_left_knee_left_ankle": 166.9180874873042, "right_knee_right_hip_right_shoulder": 80.25898616240707, "left_knee_left_hip_left_shoulder": 174.74264496133566, "right_hip_right_shoulder_right_elbow": 160.22148568709903, "left_hip_left_shoulder_left_elbow": 164.39792513346904, "right_shoulder_right_elbow_right_wrist": 176.7006310213317, "left_shoulder_left_elbow_left_wrist": 174.94013115373588}